mean_fit_time,std_fit_time,mean_score_time,std_score_time,param_C,param_kernel,params,split0_test_score,split1_test_score,split2_test_score,split3_test_score,split4_test_score,mean_test_score,std_test_score,rank_test_score
0.0018004894256591797,0.0007500373455759593,0.0014001846313476563,0.0004911119812818218,1,linear,"{'C': 1, 'kernel': 'linear'}",0.9666666666666667,1.0,0.9666666666666667,0.9666666666666667,1.0,0.9800000000000001,0.016329931618554516,1
0.0013995647430419921,0.0004914988547357256,0.001600360870361328,0.0004878371237995479,1,rbf,"{'C': 1, 'kernel': 'rbf'}",0.9666666666666667,0.9666666666666667,0.9666666666666667,0.9333333333333333,1.0,0.9666666666666666,0.02108185106778919,4
0.001397562026977539,0.0004925605840732276,0.0016020774841308595,0.0004887462847145272,10,linear,"{'C': 10, 'kernel': 'linear'}",1.0,1.0,0.9,0.9666666666666667,1.0,0.9733333333333334,0.038873012632301994,3
0.0015987873077392579,0.000491400909840781,0.001405620574951172,0.0004902745563009979,10,rbf,"{'C': 10, 'kernel': 'rbf'}",0.9666666666666667,1.0,0.9666666666666667,0.9666666666666667,1.0,0.9800000000000001,0.016329931618554516,1
