mean_fit_time,std_fit_time,mean_score_time,std_score_time,param_C,param_kernel,params,split0_test_score,split1_test_score,split2_test_score,split3_test_score,split4_test_score,mean_test_score,std_test_score,rank_test_score
0.001599740982055664,0.0004894617504822639,0.001000833511352539,4.6231077741778654e-07,1,linear,"{'C': 1, 'kernel': 'linear'}",0.9666666666666667,1.0,0.9666666666666667,0.9666666666666667,1.0,0.9800000000000001,0.016329931618554516,1
0.0018013477325439452,0.00040024421522060226,0.0015973567962646485,0.0004883413026433524,1,rbf,"{'C': 1, 'kernel': 'rbf'}",0.9666666666666667,0.9666666666666667,0.9666666666666667,0.9333333333333333,1.0,0.9666666666666666,0.02108185106778919,4
0.0012002944946289062,0.00040397202774822153,0.001798534393310547,0.000399960696024245,10,linear,"{'C': 10, 'kernel': 'linear'}",1.0,1.0,0.9,0.9666666666666667,1.0,0.9733333333333334,0.038873012632301994,3
0.001400136947631836,0.0004900597846515055,0.0012018680572509766,0.00039983621712729947,10,rbf,"{'C': 10, 'kernel': 'rbf'}",0.9666666666666667,1.0,0.9666666666666667,0.9666666666666667,1.0,0.9800000000000001,0.016329931618554516,1
